,lat,long,date,fire_bool
20061,40.477,-122.76,2014-07-17,t
20074,40.486,-122.785,2014-07-17,t
20075,40.486,-122.785,2014-07-17,t
23139,43.122,-118.165,2014-07-17,t
23140,43.122,-118.165,2014-07-17,t
23141,43.122,-118.165,2014-07-17,t
23165,43.159,-118.246,2014-07-17,t
23197,43.185,-118.237,2014-07-17,t
23198,43.188,-118.2,2014-07-17,t
23256,43.254,-117.966,2014-07-17,t
23318,43.282,-118.327,2014-07-17,t
23380,43.358,-118.188,2014-07-17,t
23381,43.358,-118.188,2014-07-17,t
23382,43.358,-118.188,2014-07-17,t
23390,43.363,-118.279,2014-07-17,t
23391,43.363,-118.279,2014-07-17,t
23431,43.423,-118.386,2014-07-17,t
23451,43.448,-118.403,2014-07-17,t
23452,43.448,-118.403,2014-07-17,t
23453,43.448,-118.403,2014-07-17,t
23484,43.471,-118.374,2014-07-17,t
23485,43.471,-118.374,2014-07-17,t
23557,43.584,-118.375,2014-07-17,t
23558,43.584,-118.375,2014-07-17,t
23562,43.603,-118.385,2014-07-17,t
23563,43.603,-118.385,2014-07-17,t
23787,44.031,-115.926,2014-07-17,t
23788,44.031,-115.926,2014-07-17,t
23789,44.031,-115.926,2014-07-17,t
24217,44.494,-120.356,2014-07-17,t
24218,44.494,-120.356,2014-07-17,t
24219,44.497,-120.382,2014-07-17,t
24220,44.497,-120.381,2014-07-17,t
24221,44.497,-120.38,2014-07-17,t
24260,44.527,-120.36,2014-07-17,t
24261,44.527,-120.36,2014-07-17,t
24268,44.533,-120.362,2014-07-17,t
24281,44.548,-121.613,2014-07-17,t
24284,44.551,-121.614,2014-07-17,t
24285,44.551,-121.614,2014-07-17,t
24304,44.571,-121.606,2014-07-17,t
24305,44.571,-121.606,2014-07-17,t
24306,44.571,-121.606,2014-07-17,t
24307,44.572,-121.594,2014-07-17,t
24308,44.572,-121.594,2014-07-17,t
24309,44.572,-121.594,2014-07-17,t
24358,44.633,-121.694,2014-07-17,t
24359,44.635,-121.748,2014-07-17,t
24360,44.635,-121.748,2014-07-17,t
24361,44.635,-121.748,2014-07-17,t
24378,44.64,-121.709,2014-07-17,t
24379,44.64,-121.709,2014-07-17,t
24380,44.64,-121.709,2014-07-17,t
24381,44.641,-121.697,2014-07-17,t
24382,44.641,-121.697,2014-07-17,t
24383,44.641,-121.697,2014-07-17,t
24423,44.709,-117.712,2014-07-17,t
24424,44.709,-117.712,2014-07-17,t
24425,44.711,-117.72,2014-07-17,t
24426,44.711,-117.72,2014-07-17,t
24427,44.711,-117.687,2014-07-17,t
24428,44.711,-117.687,2014-07-17,t
24641,44.942,-119.545,2014-07-17,t
24642,44.942,-119.545,2014-07-17,t
24643,44.942,-119.545,2014-07-17,t
24674,44.967,-121.168,2014-07-17,t
24675,44.967,-121.168,2014-07-17,t
24676,44.968,-121.167,2014-07-17,t
24726,45.02,-121.158,2014-07-17,t
26497,47.662,-120.767,2014-07-17,t
26498,47.662,-120.767,2014-07-17,t
26540,47.675,-120.75,2014-07-17,t
26541,47.675,-120.75,2014-07-17,t
26542,47.675,-120.75,2014-07-17,t
26568,47.685,-120.754,2014-07-17,t
26569,47.685,-120.754,2014-07-17,t
26570,47.685,-120.754,2014-07-17,t
26577,47.687,-120.796,2014-07-17,t
26578,47.687,-120.796,2014-07-17,t
26579,47.687,-120.796,2014-07-17,t
26593,47.692,-120.795,2014-07-17,t
26594,47.692,-120.795,2014-07-17,t
26595,47.692,-120.795,2014-07-17,t
26608,47.698,-120.778,2014-07-17,t
26609,47.698,-120.778,2014-07-17,t
26610,47.698,-120.778,2014-07-17,t
27124,48.155,-120.018,2014-07-17,t
27125,48.155,-120.018,2014-07-17,t
27126,48.155,-120.018,2014-07-17,t
27134,48.159,-119.987,2014-07-17,t
27136,48.16,-119.988,2014-07-17,t
27137,48.16,-119.988,2014-07-17,t
27138,48.16,-119.988,2014-07-17,t
27147,48.164,-119.994,2014-07-17,t
27148,48.164,-119.994,2014-07-17,t
27149,48.164,-119.994,2014-07-17,t
27160,48.168,-120.015,2014-07-17,t
27161,48.168,-120.015,2014-07-17,t
27162,48.168,-119.961,2014-07-17,t
27163,48.169,-119.993,2014-07-17,t
27164,48.169,-119.993,2014-07-17,t
27170,48.176,-119.98,2014-07-17,t
27172,48.177,-120.042,2014-07-17,t
27176,48.18,-120.053,2014-07-17,t
27177,48.18,-120.053,2014-07-17,t
27178,48.18,-120.053,2014-07-17,t
27182,48.182,-120.066,2014-07-17,t
27183,48.182,-120.066,2014-07-17,t
27184,48.182,-120.066,2014-07-17,t
27191,48.185,-120.086,2014-07-17,t
27192,48.185,-120.086,2014-07-17,t
27193,48.185,-120.086,2014-07-17,t
27196,48.187,-119.979,2014-07-17,t
27197,48.187,-119.979,2014-07-17,t
27198,48.187,-119.979,2014-07-17,t
27210,48.19,-120.12,2014-07-17,t
27211,48.19,-120.12,2014-07-17,t
27218,48.193,-120.133,2014-07-17,t
27219,48.193,-120.133,2014-07-17,t
27220,48.193,-120.133,2014-07-17,t
27221,48.193,-120.009,2014-07-17,t
27222,48.193,-120.009,2014-07-17,t
27226,48.195,-120.089,2014-07-17,t
27227,48.195,-120.089,2014-07-17,t
27228,48.195,-120.089,2014-07-17,t
27248,48.2,-120.003,2014-07-17,t
27249,48.2,-120.003,2014-07-17,t
27250,48.2,-120.003,2014-07-17,t
27255,48.204,-120.144,2014-07-17,t
27256,48.204,-120.144,2014-07-17,t
27257,48.204,-120.144,2014-07-17,t
27262,48.207,-120.044,2014-07-17,t
27292,48.214,-120.156,2014-07-17,t
27306,48.221,-120.128,2014-07-17,t
27307,48.221,-120.128,2014-07-17,t
27308,48.221,-120.128,2014-07-17,t
27329,48.224,-120.151,2014-07-17,t
27330,48.224,-120.151,2014-07-17,t
27331,48.224,-120.151,2014-07-17,t
27342,48.226,-120.165,2014-07-17,t
27343,48.226,-120.165,2014-07-17,t
27344,48.226,-120.165,2014-07-17,t
27740,48.407,-120.024,2014-07-17,t
27741,48.407,-120.024,2014-07-17,t
27742,48.407,-120.024,2014-07-17,t
27750,48.418,-120.028,2014-07-17,t
27751,48.418,-120.028,2014-07-17,t
27763,48.429,-120.045,2014-07-17,t
27764,48.429,-120.045,2014-07-17,t
27765,48.429,-120.045,2014-07-17,t
27796,48.44,-120.055,2014-07-17,t
27797,48.44,-120.055,2014-07-17,t
27798,48.442,-120.013,2014-07-17,t
27800,48.445,-120.039,2014-07-17,t
27802,48.452,-120.058,2014-07-17,t
27803,48.452,-120.058,2014-07-17,t
27804,48.453,-120.058,2014-07-17,t
27805,48.454,-120.079,2014-07-17,t
27806,48.454,-120.079,2014-07-17,t
27807,48.454,-120.079,2014-07-17,t
27813,48.456,-120.025,2014-07-17,t
27814,48.456,-120.025,2014-07-17,t
27815,48.456,-120.025,2014-07-17,t
27838,48.48,-120.07,2014-07-17,t
27839,48.48,-120.07,2014-07-17,t
27840,48.48,-120.07,2014-07-17,t
51784,43.132,-118.127,2014-07-17,t
51825,43.149,-118.254,2014-07-17,t
51826,43.151,-118.267,2014-07-17,t
51827,43.151,-118.267,2014-07-17,t
51828,43.151,-118.267,2014-07-17,t
51829,43.151,-118.26,2014-07-17,t
51833,43.153,-118.255,2014-07-17,t
51834,43.153,-118.255,2014-07-17,t
51835,43.153,-118.255,2014-07-17,t
51874,43.187,-118.221,2014-07-17,t
51875,43.187,-118.221,2014-07-17,t
51887,43.213,-118.04,2014-07-17,t
51993,43.279,-118.06,2014-07-17,t
51994,43.279,-118.06,2014-07-17,t
52033,43.305,-118.041,2014-07-17,t
52034,43.305,-118.041,2014-07-17,t
52081,43.339,-118.265,2014-07-17,t
52086,43.353,-118.221,2014-07-17,t
52125,43.407,-118.389,2014-07-17,t
52132,43.411,-118.404,2014-07-17,t
52133,43.411,-118.404,2014-07-17,t
52212,43.476,-118.381,2014-07-17,t
52218,43.483,-118.377,2014-07-17,t
52289,43.602,-118.381,2014-07-17,t
52509,44.004,-115.876,2014-07-17,t
52521,44.01,-115.872,2014-07-17,t
52533,44.021,-115.905,2014-07-17,t
52534,44.021,-115.905,2014-07-17,t
52535,44.021,-115.905,2014-07-17,t
53024,44.483,-120.354,2014-07-17,t
53027,44.488,-120.362,2014-07-17,t
53028,44.488,-120.362,2014-07-17,t
53032,44.491,-120.366,2014-07-17,t
53033,44.491,-120.366,2014-07-17,t
53034,44.491,-120.366,2014-07-17,t
53046,44.498,-120.367,2014-07-17,t
53047,44.498,-120.367,2014-07-17,t
53048,44.498,-120.367,2014-07-17,t
53117,44.556,-121.61,2014-07-17,t
53118,44.556,-121.61,2014-07-17,t
53119,44.556,-121.61,2014-07-17,t
53130,44.562,-121.604,2014-07-17,t
53131,44.562,-121.604,2014-07-17,t
53132,44.562,-121.604,2014-07-17,t
53133,44.563,-121.591,2014-07-17,t
53134,44.563,-121.591,2014-07-17,t
53135,44.563,-121.591,2014-07-17,t
53143,44.568,-121.574,2014-07-17,t
53144,44.568,-121.574,2014-07-17,t
53145,44.568,-121.574,2014-07-17,t
53149,44.57,-121.587,2014-07-17,t
53150,44.57,-121.587,2014-07-17,t
53151,44.57,-121.587,2014-07-17,t
53152,44.572,-121.599,2014-07-17,t
53153,44.572,-121.599,2014-07-17,t
53154,44.572,-121.599,2014-07-17,t
53155,44.574,-121.585,2014-07-17,t
53196,44.634,-121.752,2014-07-17,t
53197,44.634,-121.752,2014-07-17,t
53198,44.634,-121.752,2014-07-17,t
53221,44.648,-121.721,2014-07-17,t
53222,44.648,-121.721,2014-07-17,t
53223,44.648,-121.721,2014-07-17,t
53460,44.921,-121.733,2014-07-17,t
53461,44.921,-121.733,2014-07-17,t
53482,44.929,-121.752,2014-07-17,t
53483,44.929,-121.752,2014-07-17,t
53491,44.932,-119.558,2014-07-17,t
53492,44.932,-119.543,2014-07-17,t
53493,44.932,-119.543,2014-07-17,t
53494,44.932,-119.543,2014-07-17,t
53501,44.937,-121.195,2014-07-17,t
53502,44.937,-121.195,2014-07-17,t
53503,44.937,-121.195,2014-07-17,t
53523,44.944,-121.21,2014-07-17,t
53524,44.944,-121.21,2014-07-17,t
53525,44.944,-121.21,2014-07-17,t
53526,44.945,-121.209,2014-07-17,t
53527,44.945,-121.209,2014-07-17,t
53530,44.947,-119.533,2014-07-17,t
53531,44.947,-119.533,2014-07-17,t
53532,44.947,-119.533,2014-07-17,t
53535,44.957,-121.195,2014-07-17,t
53536,44.958,-121.173,2014-07-17,t
53537,44.958,-121.173,2014-07-17,t
53538,44.958,-121.173,2014-07-17,t
53552,44.984,-121.193,2014-07-17,t
53553,44.984,-121.193,2014-07-17,t
53554,44.984,-121.193,2014-07-17,t
55337,47.668,-120.767,2014-07-17,t
55338,47.668,-120.767,2014-07-17,t
55339,47.668,-120.767,2014-07-17,t
55343,47.669,-120.757,2014-07-17,t
55345,47.671,-120.79,2014-07-17,t
55346,47.671,-120.79,2014-07-17,t
55359,47.676,-120.74,2014-07-17,t
55360,47.677,-120.763,2014-07-17,t
55361,47.677,-120.763,2014-07-17,t
55362,47.677,-120.763,2014-07-17,t
55391,47.691,-120.762,2014-07-17,t
55392,47.691,-120.762,2014-07-17,t
55393,47.691,-120.762,2014-07-17,t
55402,47.697,-120.797,2014-07-17,t
55403,47.697,-120.797,2014-07-17,t
55404,47.697,-120.797,2014-07-17,t
55410,47.701,-120.792,2014-07-17,t
55411,47.701,-120.792,2014-07-17,t
55412,47.701,-120.792,2014-07-17,t
55413,47.702,-120.822,2014-07-17,t
55414,47.703,-120.805,2014-07-17,t
55415,47.703,-120.805,2014-07-17,t
55416,47.703,-120.805,2014-07-17,t
55419,47.705,-120.762,2014-07-17,t
55420,47.705,-120.762,2014-07-17,t
55421,47.705,-120.762,2014-07-17,t
55929,48.149,-119.978,2014-07-17,t
55930,48.149,-119.978,2014-07-17,t
55931,48.149,-119.978,2014-07-17,t
55938,48.158,-119.978,2014-07-17,t
55939,48.158,-119.978,2014-07-17,t
55963,48.171,-119.969,2014-07-17,t
55964,48.171,-119.969,2014-07-17,t
55982,48.185,-119.99,2014-07-17,t
55983,48.185,-119.99,2014-07-17,t
55984,48.185,-119.965,2014-07-17,t
55985,48.185,-119.965,2014-07-17,t
55986,48.185,-119.965,2014-07-17,t
55993,48.19,-120.022,2014-07-17,t
55994,48.19,-120.022,2014-07-17,t
55995,48.191,-120.063,2014-07-17,t
55996,48.191,-120.063,2014-07-17,t
55997,48.191,-120.063,2014-07-17,t
56002,48.195,-120.09,2014-07-17,t
56003,48.195,-120.09,2014-07-17,t
56004,48.195,-120.09,2014-07-17,t
56005,48.195,-120.033,2014-07-17,t
56006,48.195,-120.033,2014-07-17,t
56007,48.195,-120.033,2014-07-17,t
56012,48.196,-119.976,2014-07-17,t
56014,48.196,-119.976,2014-07-17,t
56015,48.196,-119.976,2014-07-17,t
56048,48.2,-120.06,2014-07-17,t
56049,48.2,-120.06,2014-07-17,t
56050,48.2,-120.06,2014-07-17,t
56062,48.205,-119.995,2014-07-17,t
56063,48.205,-119.995,2014-07-17,t
56064,48.205,-119.995,2014-07-17,t
56077,48.207,-119.986,2014-07-17,t
56078,48.207,-119.986,2014-07-17,t
56079,48.207,-119.986,2014-07-17,t
56085,48.209,-120.057,2014-07-17,t
56086,48.209,-120.057,2014-07-17,t
56087,48.209,-120.057,2014-07-17,t
56094,48.211,-120.048,2014-07-17,t
56095,48.211,-120.048,2014-07-17,t
56125,48.217,-120.164,2014-07-17,t
56126,48.217,-120.164,2014-07-17,t
56127,48.217,-120.164,2014-07-17,t
56131,48.22,-120.067,2014-07-17,t
56132,48.22,-120.067,2014-07-17,t
56133,48.22,-120.067,2014-07-17,t
56467,48.388,-120.011,2014-07-17,t
56470,48.395,-120.023,2014-07-17,t
56471,48.395,-120.023,2014-07-17,t
56476,48.398,-119.982,2014-07-17,t
56477,48.398,-119.982,2014-07-17,t
56503,48.417,-119.992,2014-07-17,t
56504,48.417,-119.992,2014-07-17,t
56505,48.418,-120.034,2014-07-17,t
56506,48.418,-120.034,2014-07-17,t
56507,48.418,-120.034,2014-07-17,t
56512,48.419,-120.008,2014-07-17,t
56525,48.425,-120.076,2014-07-17,t
56526,48.425,-120.076,2014-07-17,t
56527,48.425,-120.076,2014-07-17,t
56536,48.432,-120.058,2014-07-17,t
56537,48.432,-120.058,2014-07-17,t
56538,48.432,-120.058,2014-07-17,t
56541,48.433,-120.046,2014-07-17,t
56542,48.433,-120.046,2014-07-17,t
56551,48.436,-120.037,2014-07-17,t
56552,48.436,-120.028,2014-07-17,t
56553,48.436,-120.028,2014-07-17,t
56554,48.436,-120.028,2014-07-17,t
56556,48.438,-120.014,2014-07-17,t
56557,48.438,-120.014,2014-07-17,t
56565,48.444,-120.085,2014-07-17,t
56566,48.444,-120.085,2014-07-17,t
56567,48.444,-120.033,2014-07-17,t
56568,48.444,-120.033,2014-07-17,t
56569,48.444,-120.033,2014-07-17,t
56595,48.458,-120.052,2014-07-17,t
56605,48.467,-120.103,2014-07-17,t
56606,48.467,-120.103,2014-07-17,t
56607,48.467,-120.103,2014-07-17,t
56612,48.472,-120.065,2014-07-17,t
56613,48.472,-120.065,2014-07-17,t
56614,48.472,-120.065,2014-07-17,t
56615,48.474,-120.05,2014-07-17,t
76354,39.106,-119.797,2014-07-17,t
76355,39.106,-119.797,2014-07-17,t
76356,39.106,-119.797,2014-07-17,t
80668,43.117,-118.211,2014-07-17,t
80669,43.117,-118.211,2014-07-17,t
80670,43.117,-118.211,2014-07-17,t
80990,43.419,-118.402,2014-07-17,t
80991,43.419,-118.402,2014-07-17,t
80992,43.419,-118.402,2014-07-17,t
81002,43.438,-118.406,2014-07-17,t
81003,43.438,-118.406,2014-07-17,t
81004,43.438,-118.406,2014-07-17,t
81045,43.488,-118.383,2014-07-17,t
81046,43.488,-118.383,2014-07-17,t
81070,43.512,-118.387,2014-07-17,t
81293,44.004,-115.877,2014-07-17,t
81302,44.01,-115.905,2014-07-17,t
81303,44.01,-115.905,2014-07-17,t
81304,44.01,-115.905,2014-07-17,t
81318,44.023,-115.884,2014-07-17,t
81319,44.023,-115.884,2014-07-17,t
81320,44.023,-115.884,2014-07-17,t
81321,44.026,-115.916,2014-07-17,t
81322,44.026,-115.916,2014-07-17,t
81775,44.489,-120.353,2014-07-17,t
81776,44.489,-120.353,2014-07-17,t
81777,44.489,-120.353,2014-07-17,t
81801,44.505,-120.39,2014-07-17,t
81802,44.505,-120.39,2014-07-17,t
81803,44.505,-120.39,2014-07-17,t
81821,44.518,-120.384,2014-07-17,t
81822,44.518,-120.384,2014-07-17,t
81828,44.524,-120.386,2014-07-17,t
81845,44.532,-120.38,2014-07-17,t
81846,44.532,-120.38,2014-07-17,t
81847,44.532,-120.38,2014-07-17,t
81848,44.535,-120.375,2014-07-17,t
81849,44.535,-120.375,2014-07-17,t
81850,44.535,-120.375,2014-07-17,t
81861,44.538,-121.605,2014-07-17,t
81862,44.538,-121.605,2014-07-17,t
81927,44.637,-121.711,2014-07-17,t
81928,44.637,-121.711,2014-07-17,t
81929,44.637,-121.711,2014-07-17,t
81936,44.641,-121.737,2014-07-17,t
81945,44.646,-121.709,2014-07-17,t
81946,44.646,-121.709,2014-07-17,t
81947,44.646,-121.709,2014-07-17,t
81957,44.65,-121.7,2014-07-17,t
81958,44.65,-121.7,2014-07-17,t
81959,44.65,-121.7,2014-07-17,t
81980,44.713,-117.695,2014-07-17,t
81981,44.713,-117.695,2014-07-17,t
81990,44.721,-117.707,2014-07-17,t
82197,44.939,-119.528,2014-07-17,t
82209,44.945,-119.542,2014-07-17,t
82210,44.945,-119.542,2014-07-17,t
82216,44.95,-119.561,2014-07-17,t
82217,44.95,-119.561,2014-07-17,t
82218,44.95,-119.561,2014-07-17,t
82221,44.955,-121.199,2014-07-17,t
82230,44.957,-121.194,2014-07-17,t
82234,44.96,-121.161,2014-07-17,t
82242,44.966,-121.185,2014-07-17,t
82243,44.966,-121.185,2014-07-17,t
82285,45.022,-121.165,2014-07-17,t
82301,45.044,-121.147,2014-07-17,t
82302,45.044,-121.147,2014-07-17,t
82303,45.044,-121.147,2014-07-17,t
84061,47.66,-120.79,2014-07-17,t
84062,47.66,-120.79,2014-07-17,t
84119,47.676,-120.741,2014-07-17,t
84208,47.707,-120.798,2014-07-17,t
84223,47.711,-120.802,2014-07-17,t
84241,47.718,-120.823,2014-07-17,t
84242,47.718,-120.823,2014-07-17,t
84243,47.718,-120.823,2014-07-17,t
84695,48.149,-119.979,2014-07-17,t
84696,48.149,-119.979,2014-07-17,t
84737,48.167,-119.961,2014-07-17,t
84738,48.167,-119.961,2014-07-17,t
84741,48.169,-119.985,2014-07-17,t
84742,48.169,-119.985,2014-07-17,t
84743,48.169,-119.985,2014-07-17,t
84749,48.173,-120.069,2014-07-17,t
84750,48.173,-120.069,2014-07-17,t
84752,48.173,-120.069,2014-07-17,t
84756,48.178,-120.042,2014-07-17,t
84766,48.183,-119.972,2014-07-17,t
84767,48.183,-119.972,2014-07-17,t
84787,48.191,-120.155,2014-07-17,t
84788,48.191,-120.155,2014-07-17,t
84793,48.192,-120.0,2014-07-17,t
84794,48.192,-120.0,2014-07-17,t
84805,48.198,-120.157,2014-07-17,t
84806,48.198,-120.157,2014-07-17,t
84807,48.198,-120.157,2014-07-17,t
84813,48.2,-120.045,2014-07-17,t
84814,48.2,-120.045,2014-07-17,t
84818,48.202,-120.13,2014-07-17,t
84819,48.202,-120.13,2014-07-17,t
84820,48.202,-120.13,2014-07-17,t
84824,48.203,-120.002,2014-07-17,t
84861,48.213,-120.141,2014-07-17,t
84862,48.213,-120.141,2014-07-17,t
84863,48.213,-120.141,2014-07-17,t
84878,48.215,-120.155,2014-07-17,t
84879,48.215,-120.155,2014-07-17,t
84880,48.215,-120.155,2014-07-17,t
84891,48.218,-120.063,2014-07-17,t
84892,48.218,-120.063,2014-07-17,t
84893,48.218,-120.063,2014-07-17,t
84920,48.225,-120.165,2014-07-17,t
84921,48.225,-120.165,2014-07-17,t
84931,48.228,-120.148,2014-07-17,t
84932,48.228,-120.148,2014-07-17,t
84938,48.229,-120.148,2014-07-17,t
84942,48.23,-120.134,2014-07-17,t
84943,48.23,-120.134,2014-07-17,t
84944,48.23,-120.134,2014-07-17,t
85261,48.375,-119.974,2014-07-17,t
85262,48.375,-119.974,2014-07-17,t
85284,48.387,-119.977,2014-07-17,t
85294,48.403,-120.046,2014-07-17,t
85295,48.403,-120.046,2014-07-17,t
85296,48.403,-120.046,2014-07-17,t
85304,48.405,-120.011,2014-07-17,t
85305,48.405,-120.011,2014-07-17,t
85306,48.405,-120.011,2014-07-17,t
85309,48.406,-120.014,2014-07-17,t
85343,48.421,-120.059,2014-07-17,t
85344,48.421,-120.059,2014-07-17,t
85345,48.421,-120.059,2014-07-17,t
85353,48.423,-120.043,2014-07-17,t
85354,48.423,-120.043,2014-07-17,t
85355,48.423,-120.043,2014-07-17,t
85388,48.437,-120.037,2014-07-17,t
85391,48.439,-120.081,2014-07-17,t
85392,48.439,-120.081,2014-07-17,t
85393,48.439,-120.081,2014-07-17,t
85394,48.441,-120.064,2014-07-17,t
85395,48.441,-120.064,2014-07-17,t
85396,48.441,-120.064,2014-07-17,t
85397,48.441,-120.055,2014-07-17,t
85398,48.442,-120.014,2014-07-17,t
85402,48.443,-120.078,2014-07-17,t
85405,48.445,-120.082,2014-07-17,t
85406,48.445,-120.082,2014-07-17,t
85407,48.445,-120.082,2014-07-17,t
85419,48.449,-120.09,2014-07-17,t
85420,48.449,-120.09,2014-07-17,t
85421,48.449,-120.09,2014-07-17,t
85429,48.459,-120.092,2014-07-17,t
85430,48.459,-120.092,2014-07-17,t
85431,48.459,-120.092,2014-07-17,t
85441,48.466,-120.029,2014-07-17,t
85442,48.466,-120.029,2014-07-17,t
85443,48.466,-120.029,2014-07-17,t
85444,48.467,-120.047,2014-07-17,t
85445,48.467,-120.047,2014-07-17,t
85446,48.467,-120.047,2014-07-17,t
85450,48.469,-120.07,2014-07-17,t
85455,48.473,-120.05,2014-07-17,t
85456,48.473,-120.05,2014-07-17,t
85460,48.48,-120.082,2014-07-17,t
85461,48.48,-120.082,2014-07-17,t
85462,48.48,-120.082,2014-07-17,t
106466,40.48,-122.759,2014-07-17,t
106467,40.48,-122.759,2014-07-17,t
109661,43.126,-118.162,2014-07-17,t
109662,43.126,-118.162,2014-07-17,t
109666,43.133,-118.144,2014-07-17,t
109667,43.133,-118.144,2014-07-17,t
109753,43.213,-118.039,2014-07-17,t
109764,43.224,-118.255,2014-07-17,t
109765,43.224,-118.255,2014-07-17,t
109766,43.224,-118.255,2014-07-17,t
109870,43.273,-118.337,2014-07-17,t
109993,43.411,-118.403,2014-07-17,t
109995,43.411,-118.398,2014-07-17,t
109996,43.411,-118.398,2014-07-17,t
109997,43.411,-118.398,2014-07-17,t
110019,43.432,-118.412,2014-07-17,t
110026,43.439,-118.396,2014-07-17,t
110027,43.439,-118.396,2014-07-17,t
110028,43.439,-118.396,2014-07-17,t
110048,43.452,-118.397,2014-07-17,t
110049,43.452,-118.397,2014-07-17,t
110050,43.452,-118.397,2014-07-17,t
110080,43.476,-118.38,2014-07-17,t
110116,43.523,-118.388,2014-07-17,t
110117,43.523,-118.388,2014-07-17,t
110382,44.014,-115.913,2014-07-17,t
110383,44.014,-115.913,2014-07-17,t
110384,44.014,-115.913,2014-07-17,t
110393,44.021,-115.911,2014-07-17,t
110394,44.021,-115.911,2014-07-17,t
110795,44.491,-120.352,2014-07-17,t
110805,44.5,-120.363,2014-07-17,t
110806,44.5,-120.363,2014-07-17,t
110807,44.5,-120.363,2014-07-17,t
110829,44.515,-120.385,2014-07-17,t
110830,44.515,-120.385,2014-07-17,t
110831,44.515,-120.385,2014-07-17,t
110835,44.518,-120.358,2014-07-17,t
110836,44.518,-120.358,2014-07-17,t
110837,44.518,-120.358,2014-07-17,t
110838,44.52,-120.344,2014-07-17,t
110839,44.52,-120.344,2014-07-17,t
110840,44.52,-120.344,2014-07-17,t
110906,44.565,-121.579,2014-07-17,t
110907,44.565,-121.579,2014-07-17,t
110908,44.565,-121.579,2014-07-17,t
111048,44.721,-117.715,2014-07-17,t
111274,44.932,-119.559,2014-07-17,t
111301,44.951,-119.547,2014-07-17,t
111302,44.951,-119.547,2014-07-17,t
111303,44.951,-119.547,2014-07-17,t
111312,44.957,-121.186,2014-07-17,t
111313,44.957,-121.186,2014-07-17,t
111314,44.957,-121.186,2014-07-17,t
111337,44.969,-121.152,2014-07-17,t
111338,44.969,-121.152,2014-07-17,t
111339,44.971,-121.149,2014-07-17,t
111340,44.971,-121.149,2014-07-17,t
111341,44.971,-121.149,2014-07-17,t
111351,44.98,-121.161,2014-07-17,t
113201,47.66,-120.772,2014-07-17,t
113251,47.676,-120.788,2014-07-17,t
113272,47.687,-120.768,2014-07-17,t
113273,47.687,-120.768,2014-07-17,t
113277,47.688,-120.768,2014-07-17,t
113315,47.699,-120.78,2014-07-17,t
113316,47.699,-120.78,2014-07-17,t
113317,47.699,-120.78,2014-07-17,t
113327,47.706,-120.798,2014-07-17,t
113328,47.706,-120.798,2014-07-17,t
113332,47.708,-120.783,2014-07-17,t
113333,47.708,-120.783,2014-07-17,t
113334,47.708,-120.783,2014-07-17,t
113770,48.158,-119.975,2014-07-17,t
113771,48.158,-119.975,2014-07-17,t
113772,48.158,-119.975,2014-07-17,t
113792,48.173,-119.955,2014-07-17,t
113793,48.173,-119.955,2014-07-17,t
113794,48.173,-119.955,2014-07-17,t
113797,48.174,-120.003,2014-07-17,t
113798,48.174,-120.003,2014-07-17,t
113799,48.174,-120.003,2014-07-17,t
113800,48.174,-119.997,2014-07-17,t
113801,48.174,-119.997,2014-07-17,t
113802,48.174,-119.997,2014-07-17,t
113806,48.176,-119.968,2014-07-17,t
113807,48.176,-119.968,2014-07-17,t
113814,48.18,-119.996,2014-07-17,t
113815,48.18,-119.996,2014-07-17,t
113816,48.18,-119.996,2014-07-17,t
113822,48.186,-119.99,2014-07-17,t
113825,48.187,-119.973,2014-07-17,t
113826,48.187,-119.973,2014-07-17,t
113827,48.187,-119.973,2014-07-17,t
113836,48.189,-120.05,2014-07-17,t
113837,48.189,-120.05,2014-07-17,t
113838,48.189,-120.05,2014-07-17,t
113839,48.189,-120.044,2014-07-17,t
113840,48.189,-120.044,2014-07-17,t
113841,48.189,-119.993,2014-07-17,t
113842,48.189,-119.993,2014-07-17,t
113843,48.189,-119.993,2014-07-17,t
113858,48.194,-120.031,2014-07-17,t
113859,48.194,-120.031,2014-07-17,t
113863,48.195,-120.147,2014-07-17,t
113864,48.195,-120.147,2014-07-17,t
113865,48.195,-120.147,2014-07-17,t
113883,48.198,-119.99,2014-07-17,t
113884,48.198,-119.99,2014-07-17,t
113885,48.198,-119.99,2014-07-17,t
113886,48.199,-120.141,2014-07-17,t
113887,48.199,-120.141,2014-07-17,t
113888,48.199,-120.141,2014-07-17,t
113907,48.204,-120.002,2014-07-17,t
113925,48.209,-120.0,2014-07-17,t
113926,48.209,-120.0,2014-07-17,t
113927,48.209,-120.0,2014-07-17,t
113932,48.213,-120.152,2014-07-17,t
113953,48.224,-120.144,2014-07-17,t
113954,48.224,-120.144,2014-07-17,t
113958,48.226,-120.166,2014-07-17,t
113959,48.226,-120.166,2014-07-17,t
113972,48.233,-120.173,2014-07-17,t
113973,48.233,-120.173,2014-07-17,t
114238,48.388,-120.01,2014-07-17,t
114240,48.399,-120.019,2014-07-17,t
114241,48.399,-120.019,2014-07-17,t
114242,48.399,-120.019,2014-07-17,t
114254,48.405,-120.06,2014-07-17,t
114255,48.405,-120.06,2014-07-17,t
114256,48.405,-120.06,2014-07-17,t
114267,48.416,-120.05,2014-07-17,t
114268,48.416,-120.05,2014-07-17,t
114269,48.416,-120.021,2014-07-17,t
114270,48.416,-120.021,2014-07-17,t
114271,48.416,-120.021,2014-07-17,t
114275,48.421,-120.081,2014-07-17,t
114279,48.422,-120.081,2014-07-17,t
114297,48.441,-120.071,2014-07-17,t
114298,48.441,-120.071,2014-07-17,t
114299,48.441,-120.071,2014-07-17,t
114306,48.442,-120.049,2014-07-17,t
114307,48.442,-120.049,2014-07-17,t
114308,48.442,-120.049,2014-07-17,t
114310,48.445,-120.025,2014-07-17,t
114311,48.445,-120.025,2014-07-17,t
114312,48.445,-120.025,2014-07-17,t
114316,48.446,-120.022,2014-07-17,t
114317,48.446,-120.022,2014-07-17,t
114318,48.446,-120.022,2014-07-17,t
114327,48.448,-120.041,2014-07-17,t
114331,48.451,-120.073,2014-07-17,t
114332,48.451,-120.073,2014-07-17,t
114333,48.451,-120.073,2014-07-17,t
114343,48.461,-120.077,2014-07-17,t
114344,48.461,-120.077,2014-07-17,t
114345,48.461,-120.077,2014-07-17,t
114346,48.464,-120.046,2014-07-17,t
114347,48.464,-120.046,2014-07-17,t
114348,48.464,-120.046,2014-07-17,t
114350,48.469,-120.071,2014-07-17,t
114351,48.47,-120.08,2014-07-17,t
114352,48.47,-120.08,2014-07-17,t
114353,48.47,-120.08,2014-07-17,t
114357,48.482,-120.067,2014-07-17,t
114358,48.482,-120.067,2014-07-17,t
114359,48.482,-120.067,2014-07-17,t
134884,40.476,-122.859,2014-07-17,t
134885,40.476,-122.859,2014-07-17,t
137964,43.107,-118.21,2014-07-17,t
137965,43.107,-118.21,2014-07-17,t
137966,43.107,-118.21,2014-07-17,t
137976,43.128,-118.131,2014-07-17,t
137977,43.132,-118.26,2014-07-17,t
137978,43.132,-118.26,2014-07-17,t
137979,43.132,-118.26,2014-07-17,t
138025,43.189,-118.2,2014-07-17,t
138212,43.336,-118.251,2014-07-17,t
138213,43.336,-118.251,2014-07-17,t
138214,43.336,-118.251,2014-07-17,t
138255,43.394,-118.26,2014-07-17,t
138266,43.4,-118.411,2014-07-17,t
138267,43.4,-118.411,2014-07-17,t
138268,43.4,-118.411,2014-07-17,t
138292,43.417,-118.38,2014-07-17,t
138633,44.0,-115.911,2014-07-17,t
138636,44.006,-115.874,2014-07-17,t
138637,44.006,-115.874,2014-07-17,t
138638,44.006,-115.874,2014-07-17,t
138639,44.007,-115.913,2014-07-17,t
138640,44.007,-115.913,2014-07-17,t
138657,44.022,-115.92,2014-07-17,t
138658,44.022,-115.92,2014-07-17,t
138659,44.022,-115.92,2014-07-17,t
139113,44.49,-120.352,2014-07-17,t
139114,44.49,-120.352,2014-07-17,t
139137,44.506,-120.383,2014-07-17,t
139138,44.506,-120.383,2014-07-17,t
139139,44.506,-120.383,2014-07-17,t
139165,44.523,-120.383,2014-07-17,t
139166,44.523,-120.383,2014-07-17,t
139167,44.523,-120.383,2014-07-17,t
139183,44.527,-120.361,2014-07-17,t
139193,44.532,-120.349,2014-07-17,t
139194,44.532,-120.349,2014-07-17,t
139335,44.646,-121.72,2014-07-17,t
139512,44.924,-121.724,2014-07-17,t
139543,44.94,-119.559,2014-07-17,t
139544,44.94,-119.559,2014-07-17,t
139545,44.94,-119.559,2014-07-17,t
139563,44.946,-121.197,2014-07-17,t
139564,44.946,-121.197,2014-07-17,t
139565,44.946,-121.197,2014-07-17,t
139566,44.949,-121.216,2014-07-17,t
139580,44.96,-121.16,2014-07-17,t
139581,44.96,-121.16,2014-07-17,t
141480,47.678,-120.793,2014-07-17,t
141481,47.678,-120.793,2014-07-17,t
141482,47.678,-120.793,2014-07-17,t
141496,47.689,-120.779,2014-07-17,t
141497,47.689,-120.779,2014-07-17,t
141498,47.689,-120.779,2014-07-17,t
141510,47.696,-120.765,2014-07-17,t
141511,47.696,-120.765,2014-07-17,t
141512,47.696,-120.765,2014-07-17,t
141525,47.702,-120.815,2014-07-17,t
141526,47.702,-120.815,2014-07-17,t
141529,47.705,-120.814,2014-07-17,t
141530,47.705,-120.814,2014-07-17,t
141531,47.705,-120.814,2014-07-17,t
141533,47.707,-120.775,2014-07-17,t
141534,47.707,-120.775,2014-07-17,t
141535,47.707,-120.775,2014-07-17,t
142050,48.153,-120.005,2014-07-17,t
142051,48.153,-120.005,2014-07-17,t
142052,48.153,-120.005,2014-07-17,t
142062,48.158,-119.989,2014-07-17,t
142063,48.158,-119.989,2014-07-17,t
142066,48.159,-119.986,2014-07-17,t
142123,48.187,-120.071,2014-07-17,t
142124,48.187,-120.071,2014-07-17,t
142125,48.187,-120.071,2014-07-17,t
142126,48.187,-120.037,2014-07-17,t
142127,48.187,-120.037,2014-07-17,t
142128,48.187,-120.037,2014-07-17,t
142148,48.194,-120.025,2014-07-17,t
142149,48.194,-120.025,2014-07-17,t
142189,48.206,-120.044,2014-07-17,t
142190,48.206,-120.044,2014-07-17,t
142211,48.221,-120.137,2014-07-17,t
142212,48.221,-120.137,2014-07-17,t
142234,48.23,-120.131,2014-07-17,t
142235,48.23,-120.131,2014-07-17,t
142236,48.23,-120.131,2014-07-17,t
142249,48.235,-120.162,2014-07-17,t
142250,48.235,-120.162,2014-07-17,t
142251,48.235,-120.162,2014-07-17,t
142528,48.389,-120.017,2014-07-17,t
142529,48.389,-120.017,2014-07-17,t
142556,48.406,-120.015,2014-07-17,t
142567,48.409,-119.984,2014-07-17,t
142570,48.412,-120.051,2014-07-17,t
142571,48.412,-120.051,2014-07-17,t
142572,48.412,-120.051,2014-07-17,t
142585,48.427,-120.014,2014-07-17,t
142596,48.433,-120.084,2014-07-17,t
142597,48.433,-120.084,2014-07-17,t
142601,48.434,-120.029,2014-07-17,t
142602,48.434,-120.029,2014-07-17,t
142603,48.434,-120.029,2014-07-17,t
142619,48.441,-120.008,2014-07-17,t
142620,48.441,-120.007,2014-07-17,t
142621,48.443,-120.077,2014-07-17,t
142648,48.465,-120.033,2014-07-17,t
142649,48.465,-120.033,2014-07-17,t
142650,48.465,-120.033,2014-07-17,t
142654,48.469,-120.06,2014-07-17,t
142655,48.469,-120.06,2014-07-17,t
142656,48.469,-120.06,2014-07-17,t
142660,48.474,-120.086,2014-07-17,t
142661,48.474,-120.086,2014-07-17,t
142662,48.474,-120.086,2014-07-17,t
163380,40.484,-122.787,2014-07-17,t
166617,43.125,-118.139,2014-07-17,t
166620,43.129,-118.151,2014-07-17,t
166652,43.166,-118.252,2014-07-17,t
166670,43.184,-118.19,2014-07-17,t
166797,43.267,-118.335,2014-07-17,t
166826,43.281,-118.036,2014-07-17,t
166827,43.281,-118.036,2014-07-17,t
166839,43.285,-118.044,2014-07-17,t
166892,43.347,-118.254,2014-07-17,t
166893,43.347,-118.254,2014-07-17,t
166894,43.347,-118.254,2014-07-17,t
166924,43.399,-118.409,2014-07-17,t
166978,43.442,-118.412,2014-07-17,t
166979,43.442,-118.412,2014-07-17,t
166980,43.442,-118.412,2014-07-17,t
167010,43.462,-118.399,2014-07-17,t
167011,43.462,-118.399,2014-07-17,t
167012,43.462,-118.399,2014-07-17,t
167042,43.483,-118.389,2014-07-17,t
167043,43.483,-118.389,2014-07-17,t
167044,43.483,-118.389,2014-07-17,t
167065,43.494,-118.378,2014-07-17,t
167066,43.494,-118.378,2014-07-17,t
167100,43.581,-118.359,2014-07-17,t
167101,43.581,-118.359,2014-07-17,t
167124,43.61,-118.352,2014-07-17,t
167288,44.01,-115.92,2014-07-17,t
167289,44.01,-115.92,2014-07-17,t
167290,44.01,-115.92,2014-07-17,t
167296,44.015,-115.906,2014-07-17,t
167308,44.02,-115.925,2014-07-17,t
167309,44.023,-115.879,2014-07-17,t
167310,44.023,-115.879,2014-07-17,t
167743,44.483,-120.355,2014-07-17,t
167757,44.496,-120.381,2014-07-17,t
167758,44.496,-120.381,2014-07-17,t
167769,44.507,-120.383,2014-07-17,t
167770,44.507,-120.383,2014-07-17,t
167806,44.537,-121.604,2014-07-17,t
167807,44.537,-121.604,2014-07-17,t
167808,44.537,-121.604,2014-07-17,t
167810,44.538,-121.607,2014-07-17,t
167849,44.569,-121.602,2014-07-17,t
167850,44.569,-121.602,2014-07-17,t
167914,44.636,-121.736,2014-07-17,t
167915,44.636,-121.736,2014-07-17,t
167916,44.638,-121.722,2014-07-17,t
167917,44.638,-121.722,2014-07-17,t
167918,44.638,-121.722,2014-07-17,t
167942,44.647,-121.722,2014-07-17,t
167943,44.647,-121.722,2014-07-17,t
167970,44.698,-117.685,2014-07-17,t
167971,44.698,-117.685,2014-07-17,t
167972,44.7,-117.693,2014-07-17,t
167973,44.7,-117.693,2014-07-17,t
168217,44.934,-119.538,2014-07-17,t
168218,44.934,-119.538,2014-07-17,t
168234,44.947,-121.204,2014-07-17,t
168235,44.947,-121.204,2014-07-17,t
168236,44.947,-121.204,2014-07-17,t
168243,44.955,-121.184,2014-07-17,t
168244,44.955,-121.184,2014-07-17,t
168246,44.957,-121.167,2014-07-17,t
168247,44.957,-121.167,2014-07-17,t
168251,44.961,-119.55,2014-07-17,t
168252,44.967,-121.175,2014-07-17,t
168253,44.967,-121.175,2014-07-17,t
168257,44.968,-121.175,2014-07-17,t
168271,44.978,-121.164,2014-07-17,t
168272,44.978,-121.164,2014-07-17,t
168273,44.978,-121.164,2014-07-17,t
168274,44.979,-121.153,2014-07-17,t
168275,44.979,-121.153,2014-07-17,t
168315,45.043,-121.16,2014-07-17,t
168316,45.043,-121.16,2014-07-17,t
168317,45.043,-121.16,2014-07-17,t
168325,45.052,-121.162,2014-07-17,t
168326,45.052,-121.162,2014-07-17,t
168327,45.052,-121.162,2014-07-17,t
170232,47.659,-120.77,2014-07-17,t
170233,47.659,-120.77,2014-07-17,t
170238,47.662,-120.784,2014-07-17,t
170239,47.662,-120.784,2014-07-17,t
170240,47.662,-120.784,2014-07-17,t
170247,47.665,-120.797,2014-07-17,t
170278,47.679,-120.777,2014-07-17,t
170279,47.679,-120.777,2014-07-17,t
170280,47.679,-120.777,2014-07-17,t
170281,47.68,-120.777,2014-07-17,t
170282,47.68,-120.777,2014-07-17,t
170283,47.68,-120.777,2014-07-17,t
170285,47.682,-120.76,2014-07-17,t
170286,47.682,-120.76,2014-07-17,t
170287,47.682,-120.76,2014-07-17,t
170310,47.694,-120.81,2014-07-17,t
170785,48.151,-119.991,2014-07-17,t
170786,48.151,-119.991,2014-07-17,t
170787,48.151,-119.991,2014-07-17,t
170798,48.16,-119.966,2014-07-17,t
170799,48.16,-119.966,2014-07-17,t
170806,48.162,-119.959,2014-07-17,t
170807,48.162,-119.959,2014-07-17,t
170814,48.166,-119.978,2014-07-17,t
170815,48.166,-119.978,2014-07-17,t
170816,48.166,-119.978,2014-07-17,t
170832,48.177,-119.98,2014-07-17,t
170833,48.178,-119.97,2014-07-17,t
170834,48.178,-119.97,2014-07-17,t
170835,48.178,-119.97,2014-07-17,t
170836,48.179,-120.018,2014-07-17,t
170837,48.179,-120.018,2014-07-17,t
170841,48.181,-119.997,2014-07-17,t
170842,48.181,-119.997,2014-07-17,t
170853,48.19,-120.138,2014-07-17,t
170854,48.19,-120.138,2014-07-17,t
170855,48.19,-120.138,2014-07-17,t
170856,48.192,-120.121,2014-07-17,t
170863,48.193,-120.076,2014-07-17,t
170864,48.193,-120.076,2014-07-17,t
170865,48.193,-120.076,2014-07-17,t
170874,48.195,-119.993,2014-07-17,t
170875,48.195,-119.993,2014-07-17,t
170876,48.195,-119.993,2014-07-17,t
170879,48.197,-120.16,2014-07-17,t
170880,48.197,-120.16,2014-07-17,t
170881,48.197,-120.16,2014-07-17,t
170892,48.202,-120.073,2014-07-17,t
170893,48.202,-120.073,2014-07-17,t
170894,48.202,-120.073,2014-07-17,t
170907,48.204,-120.03,2014-07-17,t
170908,48.204,-120.03,2014-07-17,t
170909,48.204,-120.03,2014-07-17,t
170976,48.231,-120.159,2014-07-17,t
170977,48.231,-120.159,2014-07-17,t
170986,48.235,-120.146,2014-07-17,t
170987,48.235,-120.146,2014-07-17,t
171299,48.396,-120.003,2014-07-17,t
171300,48.396,-120.003,2014-07-17,t
171304,48.405,-120.009,2014-07-17,t
171305,48.406,-120.008,2014-07-17,t
171365,48.446,-120.016,2014-07-17,t
171366,48.446,-120.016,2014-07-17,t
171367,48.446,-120.016,2014-07-17,t
171377,48.448,-120.042,2014-07-17,t
171399,48.458,-120.05,2014-07-17,t
171400,48.458,-120.05,2014-07-17,t
171401,48.458,-120.05,2014-07-17,t
171410,48.465,-120.089,2014-07-17,t
171411,48.465,-120.089,2014-07-17,t
171412,48.465,-120.089,2014-07-17,t
171418,48.47,-120.05,2014-07-17,t
171419,48.47,-120.05,2014-07-17,t
171422,48.476,-120.1,2014-07-17,t
171423,48.476,-120.1,2014-07-17,t
171424,48.476,-120.1,2014-07-17,t
195757,43.379,-118.079,2014-07-17,t
195786,43.409,-118.413,2014-07-17,t
195787,43.409,-118.413,2014-07-17,t
195788,43.409,-118.413,2014-07-17,t
195820,43.441,-118.41,2014-07-17,t
195845,43.469,-118.396,2014-07-17,t
195846,43.469,-118.396,2014-07-17,t
195865,43.482,-118.376,2014-07-17,t
195931,43.591,-118.384,2014-07-17,t
195932,43.591,-118.384,2014-07-17,t
196133,44.012,-115.9,2014-07-17,t
196134,44.012,-115.9,2014-07-17,t
196135,44.012,-115.9,2014-07-17,t
196141,44.019,-115.925,2014-07-17,t
196142,44.019,-115.925,2014-07-17,t
196664,44.502,-120.376,2014-07-17,t
196665,44.502,-120.376,2014-07-17,t
196666,44.502,-120.376,2014-07-17,t
196691,44.528,-120.353,2014-07-17,t
196692,44.528,-120.353,2014-07-17,t
196693,44.528,-120.353,2014-07-17,t
196694,44.529,-120.385,2014-07-17,t
196695,44.529,-120.385,2014-07-17,t
196725,44.551,-121.613,2014-07-17,t
196734,44.563,-121.602,2014-07-17,t
196735,44.563,-121.602,2014-07-17,t
196736,44.563,-121.602,2014-07-17,t
196747,44.571,-121.587,2014-07-17,t
196748,44.571,-121.587,2014-07-17,t
196754,44.574,-121.581,2014-07-17,t
196755,44.574,-121.581,2014-07-17,t
196756,44.574,-121.581,2014-07-17,t
196808,44.633,-121.695,2014-07-17,t
196810,44.634,-121.753,2014-07-17,t
196811,44.634,-121.753,2014-07-17,t
196819,44.635,-121.699,2014-07-17,t
196820,44.635,-121.699,2014-07-17,t
196821,44.635,-121.699,2014-07-17,t
196888,44.721,-117.714,2014-07-17,t
196891,44.724,-117.723,2014-07-17,t
196892,44.724,-117.723,2014-07-17,t
196894,44.728,-117.725,2014-07-17,t
196895,44.728,-117.725,2014-07-17,t
197135,44.927,-121.723,2014-07-17,t
197141,44.929,-121.753,2014-07-17,t
197142,44.929,-121.753,2014-07-17,t
197143,44.929,-121.753,2014-07-17,t
197164,44.943,-119.53,2014-07-17,t
197165,44.943,-119.53,2014-07-17,t
197166,44.943,-119.53,2014-07-17,t
197170,44.947,-119.56,2014-07-17,t
197171,44.947,-119.52,2014-07-17,t
197172,44.947,-119.52,2014-07-17,t
197196,44.958,-121.177,2014-07-17,t
197197,44.958,-121.177,2014-07-17,t
197213,44.969,-121.162,2014-07-17,t
197214,44.969,-121.162,2014-07-17,t
197215,44.969,-121.162,2014-07-17,t
197223,44.976,-121.186,2014-07-17,t
197224,44.976,-121.186,2014-07-17,t
197229,44.986,-121.179,2014-07-17,t
197230,44.986,-121.179,2014-07-17,t
197231,44.986,-121.179,2014-07-17,t
199125,47.674,-120.765,2014-07-17,t
199126,47.674,-120.765,2014-07-17,t
199141,47.68,-120.749,2014-07-17,t
199147,47.681,-120.79,2014-07-17,t
199148,47.681,-120.79,2014-07-17,t
199149,47.681,-120.79,2014-07-17,t
199153,47.684,-120.744,2014-07-17,t
199154,47.684,-120.744,2014-07-17,t
199155,47.684,-120.744,2014-07-17,t
199178,47.691,-120.816,2014-07-17,t
199179,47.691,-120.816,2014-07-17,t
199189,47.695,-120.813,2014-07-17,t
199190,47.695,-120.813,2014-07-17,t
199191,47.695,-120.813,2014-07-17,t
199648,48.156,-120.011,2014-07-17,t
199649,48.156,-120.011,2014-07-17,t
199650,48.156,-119.961,2014-07-17,t
199651,48.156,-119.961,2014-07-17,t
199652,48.156,-119.961,2014-07-17,t
199653,48.162,-120.002,2014-07-17,t
199654,48.162,-120.002,2014-07-17,t
199655,48.162,-120.002,2014-07-17,t
199662,48.176,-119.969,2014-07-17,t
199666,48.177,-120.041,2014-07-17,t
199667,48.177,-120.041,2014-07-17,t
199668,48.177,-119.964,2014-07-17,t
199669,48.177,-119.964,2014-07-17,t
199670,48.177,-119.964,2014-07-17,t
199673,48.178,-120.04,2014-07-17,t
199674,48.178,-120.04,2014-07-17,t
199675,48.178,-120.04,2014-07-17,t
199693,48.191,-120.121,2014-07-17,t
199694,48.191,-120.121,2014-07-17,t
199695,48.191,-120.12,2014-07-17,t
199697,48.197,-120.074,2014-07-17,t
199698,48.197,-120.074,2014-07-17,t
199699,48.197,-120.074,2014-07-17,t
199700,48.197,-119.975,2014-07-17,t
199701,48.197,-119.975,2014-07-17,t
199702,48.197,-119.975,2014-07-17,t
199704,48.198,-120.046,2014-07-17,t
199705,48.198,-120.046,2014-07-17,t
199706,48.198,-120.046,2014-07-17,t
199721,48.202,-120.159,2014-07-17,t
199722,48.202,-120.159,2014-07-17,t
199723,48.202,-120.024,2014-07-17,t
199724,48.202,-120.024,2014-07-17,t
199739,48.206,-120.158,2014-07-17,t
199740,48.206,-120.158,2014-07-17,t
199741,48.206,-120.158,2014-07-17,t
199742,48.207,-120.161,2014-07-17,t
199743,48.207,-120.161,2014-07-17,t
199744,48.207,-120.161,2014-07-17,t
199780,48.218,-120.054,2014-07-17,t
199781,48.218,-120.054,2014-07-17,t
199782,48.218,-120.054,2014-07-17,t
199783,48.219,-120.146,2014-07-17,t
199784,48.219,-120.146,2014-07-17,t
199785,48.219,-120.146,2014-07-17,t
199799,48.222,-120.137,2014-07-17,t
199809,48.227,-120.166,2014-07-17,t
199818,48.231,-120.155,2014-07-17,t
200184,48.387,-119.978,2014-07-17,t
200194,48.401,-120.033,2014-07-17,t
200195,48.401,-120.033,2014-07-17,t
200196,48.401,-120.033,2014-07-17,t
200216,48.414,-120.073,2014-07-17,t
200217,48.414,-120.073,2014-07-17,t
200218,48.414,-120.032,2014-07-17,t
200219,48.414,-120.032,2014-07-17,t
200220,48.414,-120.008,2014-07-17,t
200221,48.414,-120.008,2014-07-17,t
200222,48.414,-120.008,2014-07-17,t
200238,48.421,-119.989,2014-07-17,t
200246,48.425,-120.027,2014-07-17,t
200247,48.425,-120.027,2014-07-17,t
200248,48.425,-120.027,2014-07-17,t
200258,48.431,-120.061,2014-07-17,t
200259,48.431,-120.061,2014-07-17,t
200260,48.431,-120.061,2014-07-17,t
200265,48.433,-120.045,2014-07-17,t
200266,48.434,-120.072,2014-07-17,t
200267,48.434,-120.072,2014-07-17,t
200268,48.434,-120.072,2014-07-17,t
200282,48.444,-120.039,2014-07-17,t
200283,48.444,-120.039,2014-07-17,t
200297,48.447,-120.039,2014-07-17,t
200298,48.447,-120.039,2014-07-17,t
200299,48.447,-120.039,2014-07-17,t
200311,48.454,-120.043,2014-07-17,t
200312,48.454,-120.043,2014-07-17,t
200313,48.454,-120.043,2014-07-17,t
200322,48.459,-120.051,2014-07-17,t
200331,48.462,-120.062,2014-07-17,t
200332,48.462,-120.062,2014-07-17,t
200333,48.462,-120.062,2014-07-17,t
200337,48.469,-120.095,2014-07-17,t
200338,48.469,-120.095,2014-07-17,t
200339,48.469,-120.095,2014-07-17,t
200341,48.476,-120.044,2014-07-17,t
200342,48.476,-120.044,2014-07-17,t
200343,48.476,-120.044,2014-07-17,t
200344,48.478,-120.057,2014-07-17,t
200345,48.478,-120.057,2014-07-17,t
200346,48.478,-120.057,2014-07-17,t
200347,48.479,-120.097,2014-07-17,t
200348,48.48,-120.073,2014-07-17,t
200349,48.48,-120.073,2014-07-17,t
224408,43.14,-118.277,2014-07-17,t
224409,43.14,-118.277,2014-07-17,t
224410,43.14,-118.277,2014-07-17,t
224412,43.142,-118.262,2014-07-17,t
224413,43.142,-118.262,2014-07-17,t
224414,43.142,-118.262,2014-07-17,t
224422,43.153,-118.249,2014-07-17,t
224423,43.153,-118.249,2014-07-17,t
224424,43.153,-118.249,2014-07-17,t
224447,43.175,-118.244,2014-07-17,t
224454,43.193,-118.2,2014-07-17,t
224455,43.193,-118.2,2014-07-17,t
224456,43.193,-118.2,2014-07-17,t
224461,43.196,-118.216,2014-07-17,t
224510,43.247,-118.007,2014-07-17,t
224511,43.247,-118.007,2014-07-17,t
224521,43.253,-118.001,2014-07-17,t
224522,43.253,-118.001,2014-07-17,t
224602,43.291,-118.062,2014-07-17,t
224603,43.291,-118.062,2014-07-17,t
224611,43.293,-118.039,2014-07-17,t
224612,43.293,-118.039,2014-07-17,t
224685,43.401,-118.384,2014-07-17,t
224734,43.432,-118.411,2014-07-17,t
224736,43.44,-118.41,2014-07-17,t
224737,43.44,-118.41,2014-07-17,t
224832,43.586,-118.352,2014-07-17,t
224833,43.586,-118.352,2014-07-17,t
224845,43.593,-118.36,2014-07-17,t
224846,43.593,-118.36,2014-07-17,t
224855,43.6,-118.36,2014-07-17,t
225073,44.01,-115.871,2014-07-17,t
225095,44.025,-115.863,2014-07-17,t
225096,44.025,-115.863,2014-07-17,t
225097,44.025,-115.863,2014-07-17,t
225098,44.028,-115.884,2014-07-17,t
225099,44.028,-115.884,2014-07-17,t
225587,44.488,-120.356,2014-07-17,t
225588,44.489,-120.365,2014-07-17,t
225589,44.489,-120.365,2014-07-17,t
225590,44.489,-120.365,2014-07-17,t
225591,44.492,-120.374,2014-07-17,t
225592,44.492,-120.374,2014-07-17,t
225593,44.493,-120.379,2014-07-17,t
225594,44.493,-120.379,2014-07-17,t
225595,44.493,-120.379,2014-07-17,t
225603,44.498,-120.364,2014-07-17,t
225604,44.498,-120.364,2014-07-17,t
225621,44.507,-120.369,2014-07-17,t
225622,44.507,-120.369,2014-07-17,t
225623,44.507,-120.369,2014-07-17,t
225653,44.524,-120.387,2014-07-17,t
225654,44.524,-120.387,2014-07-17,t
225664,44.528,-120.36,2014-07-17,t
225668,44.529,-120.346,2014-07-17,t
225669,44.529,-120.346,2014-07-17,t
225670,44.529,-120.346,2014-07-17,t
225689,44.546,-121.601,2014-07-17,t
225690,44.546,-121.601,2014-07-17,t
225691,44.546,-121.601,2014-07-17,t
225692,44.547,-121.613,2014-07-17,t
225693,44.547,-121.613,2014-07-17,t
225776,44.634,-121.682,2014-07-17,t
225777,44.634,-121.682,2014-07-17,t
225778,44.634,-121.682,2014-07-17,t
225783,44.637,-121.719,2014-07-17,t
225784,44.637,-121.719,2014-07-17,t
225807,44.649,-121.712,2014-07-17,t
225808,44.649,-121.712,2014-07-17,t
225809,44.649,-121.712,2014-07-17,t
225857,44.726,-117.712,2014-07-17,t
225863,44.732,-117.732,2014-07-17,t
225864,44.732,-117.732,2014-07-17,t
226018,44.933,-119.552,2014-07-17,t
226019,44.933,-119.552,2014-07-17,t
226023,44.935,-119.53,2014-07-17,t
226024,44.935,-119.53,2014-07-17,t
226035,44.944,-119.561,2014-07-17,t
226036,44.944,-119.561,2014-07-17,t
226051,44.949,-119.547,2014-07-17,t
226052,44.949,-119.547,2014-07-17,t
226053,44.949,-119.547,2014-07-17,t
226061,44.966,-121.188,2014-07-17,t
226062,44.966,-121.188,2014-07-17,t
226063,44.966,-121.188,2014-07-17,t
226071,44.977,-121.177,2014-07-17,t
226072,44.977,-121.177,2014-07-17,t
226073,44.977,-121.177,2014-07-17,t
227895,47.66,-120.77,2014-07-17,t
227926,47.67,-120.78,2014-07-17,t
227927,47.67,-120.78,2014-07-17,t
227928,47.67,-120.78,2014-07-17,t
227984,47.69,-120.782,2014-07-17,t
227985,47.69,-120.782,2014-07-17,t
227986,47.69,-120.782,2014-07-17,t
227999,47.694,-120.808,2014-07-17,t
228000,47.694,-120.808,2014-07-17,t
228001,47.694,-120.808,2014-07-17,t
228002,47.694,-120.751,2014-07-17,t
228003,47.694,-120.751,2014-07-17,t
228004,47.694,-120.751,2014-07-17,t
228012,47.697,-120.799,2014-07-17,t
228016,47.701,-120.765,2014-07-17,t
228017,47.701,-120.765,2014-07-17,t
228018,47.701,-120.765,2014-07-17,t
228031,47.709,-120.788,2014-07-17,t
228032,47.709,-120.788,2014-07-17,t
228033,47.709,-120.788,2014-07-17,t
228038,47.711,-120.801,2014-07-17,t
228039,47.711,-120.801,2014-07-17,t
228045,47.716,-120.8,2014-07-17,t
228046,47.716,-120.8,2014-07-17,t
228047,47.716,-120.8,2014-07-17,t
228485,48.147,-120.001,2014-07-17,t
228486,48.147,-120.001,2014-07-17,t
228487,48.147,-119.986,2014-07-17,t
228488,48.147,-119.986,2014-07-17,t
228504,48.151,-119.957,2014-07-17,t
228505,48.151,-119.957,2014-07-17,t
228525,48.16,-119.982,2014-07-17,t
228526,48.16,-119.982,2014-07-17,t
228536,48.164,-120.015,2014-07-17,t
228537,48.164,-120.015,2014-07-17,t
228538,48.164,-120.015,2014-07-17,t
228539,48.164,-119.958,2014-07-17,t
228540,48.164,-119.958,2014-07-17,t
228541,48.165,-119.958,2014-07-17,t
228543,48.167,-119.972,2014-07-17,t
228544,48.167,-119.972,2014-07-17,t
228545,48.167,-119.972,2014-07-17,t
228549,48.171,-119.999,2014-07-17,t
228550,48.171,-119.999,2014-07-17,t
228551,48.171,-119.999,2014-07-17,t
228553,48.175,-119.981,2014-07-17,t
228554,48.175,-119.981,2014-07-17,t
228555,48.175,-119.981,2014-07-17,t
228556,48.176,-120.032,2014-07-17,t
228557,48.176,-120.032,2014-07-17,t
228558,48.176,-119.987,2014-07-17,t
228559,48.176,-119.987,2014-07-17,t
228560,48.176,-119.987,2014-07-17,t
228561,48.176,-119.973,2014-07-17,t
228562,48.176,-119.973,2014-07-17,t
228566,48.178,-119.982,2014-07-17,t
228567,48.178,-119.982,2014-07-17,t
228568,48.178,-119.982,2014-07-17,t
228582,48.184,-120.079,2014-07-17,t
228583,48.184,-120.079,2014-07-17,t
228584,48.184,-120.079,2014-07-17,t
228652,48.209,-120.144,2014-07-17,t
228653,48.209,-120.144,2014-07-17,t
228654,48.209,-120.144,2014-07-17,t
228661,48.214,-120.163,2014-07-17,t
228662,48.214,-120.163,2014-07-17,t
228739,48.23,-120.155,2014-07-17,t
228749,48.233,-120.148,2014-07-17,t
228750,48.233,-120.148,2014-07-17,t
228751,48.233,-120.148,2014-07-17,t
228762,48.236,-120.167,2014-07-17,t
228763,48.236,-120.167,2014-07-17,t
229076,48.408,-120.005,2014-07-17,t
229077,48.408,-120.005,2014-07-17,t
229078,48.409,-120.037,2014-07-17,t
229079,48.409,-120.037,2014-07-17,t
229080,48.409,-120.037,2014-07-17,t
229081,48.409,-119.985,2014-07-17,t
229110,48.425,-120.077,2014-07-17,t
229123,48.436,-120.085,2014-07-17,t
229124,48.436,-120.085,2014-07-17,t
229125,48.436,-120.085,2014-07-17,t
229129,48.443,-120.068,2014-07-17,t
229130,48.443,-120.068,2014-07-17,t
229131,48.443,-120.068,2014-07-17,t
229132,48.443,-120.055,2014-07-17,t
229133,48.443,-120.055,2014-07-17,t
229134,48.443,-120.055,2014-07-17,t
229153,48.456,-120.036,2014-07-17,t
229154,48.456,-120.036,2014-07-17,t
229155,48.456,-120.036,2014-07-17,t
229171,48.475,-120.032,2014-07-17,t
229172,48.475,-120.032,2014-07-17,t
229173,48.475,-120.032,2014-07-17,t
229177,48.478,-120.097,2014-07-17,t
229178,48.478,-120.097,2014-07-17,t
229179,48.479,-120.092,2014-07-17,t
229180,48.479,-120.092,2014-07-17,t
229184,48.483,-120.083,2014-07-17,t
229185,48.483,-120.083,2014-07-17,t
229186,48.483,-120.083,2014-07-17,t
